id,first_name,last_name,email,gender,ip_address
1,Shirley,Snyder,ssnyder0@behance.net,Female,229.190.106.211
2,Ernest,Andrews,eandrews1@nymag.com,Male,197.154.128.30
3,Helen,Hawkins,hhawkins2@privacy.gov.au,Female,41.227.108.30
4,Linda,Jenkins,ljenkins3@histats.com,Female,159.48.200.173
5,Kelly,Weaver,kweaver4@privacy.gov.au,Female,226.205.148.153
6,Kelly,Cunningham,kcunningham5@mapquest.com,Female,10.89.95.92
7,Christina,Franklin,cfranklin6@1und1.de,Female,25.25.117.6
8,Karen,Watkins,kwatkins7@ftc.gov,Female,83.26.112.61
9,Willie,Cruz,wcruz8@ustream.tv,Male,242.210.118.44
10,Shirley,Wallace,swallace9@oracle.com,Female,102.86.180.175
11,Gerald,Pierce,gpiercea@bigcartel.com,Male,215.132.97.239
12,Benjamin,Wagner,bwagnerb@joomla.org,Male,133.137.209.172
13,Lillian,Rodriguez,lrodriguezc@sciencedirect.com,Female,161.94.168.207
14,Jennifer,Gonzales,jgonzalesd@parallels.com,Female,162.20.74.67
15,Beverly,Bowman,bbowmane@baidu.com,Female,39.137.76.162
16,Phillip,Scott,pscottf@baidu.com,Male,112.123.210.193
17,Teresa,Mitchell,tmitchellg@nasa.gov,Female,135.185.108.159
18,Michelle,Thompson,mthompsonh@vkontakte.ru,Female,223.63.211.110
19,Betty,Wagner,bwagneri@baidu.com,Female,90.90.249.223
20,Anthony,Watkins,awatkinsj@netlog.com,Male,224.207.147.175
21,Jason,Thomas,jthomask@toplist.cz,Male,175.71.94.236
22,Kimberly,Scott,kscottl@cdbaby.com,Female,88.157.12.96
23,Ralph,Harris,rharrism@quantcast.com,Male,141.172.66.221
24,Clarence,Perez,cperezn@cam.ac.uk,Male,40.37.239.125
25,Ruby,Cruz,rcruzo@indiegogo.com,Female,211.21.13.224
26,Norma,Scott,nscottp@so-net.ne.jp,Female,6.175.127.90
27,Raymond,Willis,rwillisq@blogger.com,Male,231.252.61.228
28,Clarence,Bishop,cbishopr@shop-pro.jp,Male,121.154.248.216
29,Peter,Howard,phowards@google.com.hk,Male,85.185.139.44
30,Steven,Elliott,selliottt@bizjournals.com,Male,236.49.237.145
31,Jason,Hicks,jhicksu@yale.edu,Male,44.169.83.35
32,Richard,Edwards,redwardsv@skyrock.com,Male,164.92.234.69
33,James,Rose,jrosew@boston.com,Male,9.123.157.44
34,Frances,Franklin,ffranklinx@chicagotribune.com,Female,74.15.144.22
35,Mark,Ruiz,mruizy@netlog.com,Male,191.181.219.142
36,Dorothy,Webb,dwebbz@globo.com,Female,27.193.104.64
37,Michael,Reed,mreed10@hibu.com,Male,94.247.69.39
38,Michael,Howard,mhoward11@weibo.com,Male,46.167.69.114
39,Wanda,Hanson,whanson12@gnu.org,Female,27.206.60.119
40,Lori,Rice,lrice13@storify.com,Female,31.53.86.38
41,Alice,Armstrong,aarmstrong14@posterous.com,Female,29.20.146.88
42,Billy,Peters,bpeters15@google.fr,Male,16.185.233.68
43,Victor,Harper,vharper16@rediff.com,Male,101.9.144.102
44,Shirley,Richardson,srichardson17@patch.com,Female,251.30.170.179
45,Katherine,Myers,kmyers18@domainmarket.com,Female,165.194.126.120
46,Sean,Jacobs,sjacobs19@eventbrite.com,Male,7.103.121.191
47,Deborah,Taylor,dtaylor1a@pen.io,Female,109.117.186.84
48,Janice,Gonzales,jgonzales1b@bravesites.com,Female,176.51.62.242
49,Henry,Reid,hreid1c@msn.com,Male,64.72.2.119
50,Marie,Ramos,mramos1d@nbcnews.com,Female,222.84.53.54
51,Margaret,Harvey,mharvey1e@epa.gov,Female,69.127.8.194
52,Joseph,Martinez,jmartinez1f@ebay.com,Male,102.148.40.243
53,Arthur,Simpson,asimpson1g@shareasale.com,Male,77.101.144.183
54,Wayne,Bell,wbell1h@cnbc.com,Male,101.193.91.126
55,Ronald,Ortiz,rortiz1i@xrea.com,Male,108.239.177.243
56,Steve,Miller,smiller1j@bing.com,Male,123.75.28.236
57,Melissa,Reynolds,mreynolds1k@wordpress.org,Female,79.245.42.37
58,Antonio,Hill,ahill1l@cbc.ca,Male,241.4.123.162
59,Rachel,Elliott,relliott1m@adobe.com,Female,113.222.64.190
60,Kathleen,Mcdonald,kmcdonald1n@paypal.com,Female,161.21.64.212
61,Benjamin,Olson,bolson1o@goo.ne.jp,Male,1.148.208.50
62,Judy,Medina,jmedina1p@sina.com.cn,Female,148.219.96.249
63,Ann,Robinson,arobinson1q@umn.edu,Female,216.38.146.37
64,Lisa,Hicks,lhicks1r@squarespace.com,Female,44.54.102.223
65,Willie,Torres,wtorres1s@mit.edu,Male,28.82.138.197
66,Jesse,Taylor,jtaylor1t@yellowbook.com,Male,30.146.56.66
67,Jessica,Stevens,jstevens1u@illinois.edu,Female,45.204.246.134
68,Keith,Moore,kmoore1v@google.com,Male,192.152.189.56
69,Catherine,Hunter,chunter1w@upenn.edu,Female,76.37.51.235
70,Henry,Holmes,hholmes1x@shop-pro.jp,Male,6.31.74.103
71,Diana,Olson,dolson1y@weebly.com,Female,55.23.30.224
72,Russell,Larson,rlarson1z@bandcamp.com,Male,10.6.1.172
73,Marilyn,Daniels,mdaniels20@github.io,Female,10.31.50.117
74,Julia,Scott,jscott21@sun.com,Female,152.74.70.120
75,Earl,Porter,eporter22@independent.co.uk,Male,56.171.204.234
76,Sharon,Ferguson,sferguson23@psu.edu,Female,208.31.63.179
77,Sean,Watkins,swatkins24@instagram.com,Male,173.163.36.219
78,Bobby,Hill,bhill25@simplemachines.org,Male,127.253.251.191
79,Ruby,Jordan,rjordan26@mozilla.com,Female,62.145.54.81
80,Edward,Watson,ewatson27@jiathis.com,Male,101.244.67.104
81,Earl,Meyer,emeyer28@google.ru,Male,206.134.244.193
82,Bonnie,Mcdonald,bmcdonald29@pen.io,Female,114.161.7.55
83,Ann,Flores,aflores2a@storify.com,Female,73.17.203.40
84,Christine,Wallace,cwallace2b@google.co.jp,Female,239.192.37.219
85,Edward,Morgan,emorgan2c@mapquest.com,Male,146.98.237.199
86,Carlos,Lynch,clynch2d@delicious.com,Male,84.134.124.160
87,Judy,Ramos,jramos2e@theglobeandmail.com,Female,42.252.152.2
88,Pamela,Gilbert,pgilbert2f@blog.com,Female,183.114.145.93
89,Andrew,Gilbert,agilbert2g@gov.uk,Male,51.28.133.102
90,Eric,Young,eyoung2h@epa.gov,Male,57.223.174.64
91,Willie,Tucker,wtucker2i@hatena.ne.jp,Male,253.146.146.65
92,Susan,Hamilton,shamilton2j@java.com,Female,178.45.49.87
93,Linda,Griffin,lgriffin2k@nationalgeographic.com,Female,57.188.199.191
94,Patricia,Gibson,pgibson2l@nsw.gov.au,Female,166.140.248.177
95,Andrew,Bradley,abradley2m@list-manage.com,Male,239.199.198.36
96,Alice,Watson,awatson2n@pagesperso-orange.fr,Female,132.51.56.24
97,Denise,Garrett,dgarrett2o@microsoft.com,Female,123.79.228.35
98,Daniel,Jordan,djordan2p@arstechnica.com,Male,198.27.100.123
99,Jack,Cruz,jcruz2q@devhub.com,Male,92.146.78.168
100,Jerry,Dunn,jdunn2r@eventbrite.com,Male,247.84.141.186
101,Russell,Nelson,rnelson2s@fda.gov,Male,40.134.142.99
102,Todd,Hamilton,thamilton2t@livejournal.com,Male,175.85.22.231
103,Harry,Cox,hcox2u@gov.uk,Male,226.227.255.160
104,Melissa,Alexander,malexander2v@slashdot.org,Female,210.63.102.253
105,Martha,Mendoza,mmendoza2w@exblog.jp,Female,106.14.149.116
106,Denise,Larson,dlarson2x@google.com,Female,125.180.151.239
107,Matthew,Ray,mray2y@weibo.com,Male,47.255.205.105
108,Dennis,Rice,drice2z@merriam-webster.com,Male,171.118.190.46
109,Brandon,Burns,bburns30@indiegogo.com,Male,119.180.68.18
110,Joyce,Day,jday31@ezinearticles.com,Female,199.203.143.190
111,Mildred,Hernandez,mhernandez32@pcworld.com,Female,211.1.219.227
112,Anna,Fernandez,afernandez33@goo.ne.jp,Female,4.140.65.169
113,Gerald,Romero,gromero34@youtube.com,Male,220.21.243.205
114,Wayne,Griffin,wgriffin35@usda.gov,Male,252.221.20.122
115,Barbara,Bowman,bbowman36@cdbaby.com,Female,184.175.240.171
116,Betty,Moreno,bmoreno37@ebay.com,Female,214.202.152.228
117,Arthur,Washington,awashington38@gmpg.org,Male,176.13.220.146
118,Ruth,Ferguson,rferguson39@va.gov,Female,164.89.109.55
119,Steven,Armstrong,sarmstrong3a@about.com,Male,185.47.222.105
120,Doris,Perkins,dperkins3b@parallels.com,Female,135.243.142.255
121,Jesse,West,jwest3c@1und1.de,Male,50.175.239.36
122,Jimmy,Williamson,jwilliamson3d@123-reg.co.uk,Male,62.131.200.87
123,Daniel,Parker,dparker3e@edublogs.org,Male,2.16.226.81
124,Amanda,Hansen,ahansen3f@amazon.co.uk,Female,118.100.224.223
125,Nicholas,Simmons,nsimmons3g@msu.edu,Male,83.102.25.29
126,Kathy,Robertson,krobertson3h@cbc.ca,Female,235.165.233.180
127,Melissa,Larson,mlarson3i@nih.gov,Female,25.157.106.226
128,Bobby,Harper,bharper3j@ebay.co.uk,Male,165.235.183.179
129,Tammy,Allen,tallen3k@surveymonkey.com,Female,184.102.185.46
130,Billy,Schmidt,bschmidt3l@bluehost.com,Male,209.233.138.181
131,Ashley,Allen,aallen3m@opensource.org,Female,25.134.111.74
132,Joe,White,jwhite3n@cnn.com,Male,85.248.208.57
133,Jessica,Perry,jperry3o@behance.net,Female,71.250.54.140
134,Marie,Davis,mdavis3p@ft.com,Female,81.8.109.179
135,Clarence,King,cking3q@blogtalkradio.com,Male,99.84.119.22
136,George,Chapman,gchapman3r@soundcloud.com,Male,164.132.133.235
137,Roger,Cooper,rcooper3s@lulu.com,Male,150.37.233.163
138,Ann,Franklin,afranklin3t@ebay.co.uk,Female,115.120.62.159
139,Rebecca,Wells,rwells3u@archive.org,Female,176.134.29.18
140,Martin,Thomas,mthomas3v@yellowbook.com,Male,249.186.206.242
141,Kenneth,Davis,kdavis3w@1688.com,Male,223.84.151.12
142,Brenda,Hughes,bhughes3x@un.org,Female,9.230.105.148
143,Nicole,Jackson,njackson3y@cnet.com,Female,105.100.73.91
144,Diane,Boyd,dboyd3z@dion.ne.jp,Female,58.231.29.140
145,Christopher,Marshall,cmarshall40@sitemeter.com,Male,101.17.22.144
146,Brenda,Black,bblack41@about.com,Female,36.107.159.126
147,Justin,Martin,jmartin42@wiley.com,Male,102.163.142.66
148,Gregory,Hudson,ghudson43@ft.com,Male,225.71.150.42
149,Steve,Wagner,swagner44@harvard.edu,Male,106.13.153.208
150,Jane,Vasquez,jvasquez45@vk.com,Female,229.42.5.179
151,Frank,Gilbert,fgilbert46@comcast.net,Male,134.176.123.238
152,Fred,Fowler,ffowler47@slate.com,Male,26.117.249.59
153,Martin,Duncan,mduncan48@chicagotribune.com,Male,26.85.220.93
154,Barbara,Henderson,bhenderson49@unesco.org,Female,82.187.236.175
155,Nancy,Crawford,ncrawford4a@posterous.com,Female,1.100.29.29
156,Carlos,Wheeler,cwheeler4b@google.fr,Male,34.115.166.208
157,Linda,Cole,lcole4c@ehow.com,Female,63.169.51.59
158,Laura,Mason,lmason4d@cnn.com,Female,81.156.208.95
159,Thomas,Hart,thart4e@mail.ru,Male,114.205.117.189
160,Terry,Martin,tmartin4f@go.com,Male,108.226.84.78
161,Phillip,Gibson,pgibson4g@blog.com,Male,183.53.242.136
162,Lawrence,Mitchell,lmitchell4h@slideshare.net,Male,234.213.115.147
163,Rachel,Shaw,rshaw4i@ebay.com,Female,186.84.16.209
164,Ronald,Burns,rburns4j@uol.com.br,Male,247.203.30.126
165,Philip,Lawrence,plawrence4k@smh.com.au,Male,26.65.41.148
166,Ernest,Ferguson,eferguson4l@yale.edu,Male,24.35.0.215
167,Paul,Taylor,ptaylor4m@nbcnews.com,Male,149.234.185.241
168,Cheryl,Ortiz,cortiz4n@google.co.uk,Female,4.117.81.18
169,Evelyn,Collins,ecollins4o@wisc.edu,Female,209.15.44.206
170,Nicholas,Ford,nford4p@cbsnews.com,Male,252.193.102.83
171,Nicholas,Payne,npayne4q@topsy.com,Male,134.134.210.166
172,Jose,Hernandez,jhernandez4r@ocn.ne.jp,Male,106.19.126.186
173,Benjamin,Powell,bpowell4s@java.com,Male,67.252.238.25
174,Ruby,Elliott,relliott4t@state.gov,Female,235.251.15.4
175,Donna,Morris,dmorris4u@cargocollective.com,Female,190.181.116.176
176,Justin,Wells,jwells4v@buzzfeed.com,Male,213.170.85.2
177,Raymond,Chavez,rchavez4w@wp.com,Male,64.80.217.155
178,Harold,Reed,hreed4x@admin.ch,Male,46.234.150.76
179,Cynthia,Ellis,cellis4y@dot.gov,Female,137.19.40.177
180,Amy,Hughes,ahughes4z@canalblog.com,Female,108.167.88.47
181,Jacqueline,Reid,jreid50@census.gov,Female,166.106.197.200
182,Matthew,Wilson,mwilson51@wunderground.com,Male,162.69.27.13
183,Carol,Stanley,cstanley52@ocn.ne.jp,Female,236.57.245.238
184,Lori,Welch,lwelch53@blogspot.com,Female,166.181.14.31
185,Frances,Miller,fmiller54@wired.com,Female,223.213.176.235
186,Charles,Hart,chart55@forbes.com,Male,108.179.230.172
187,Sharon,Armstrong,sarmstrong56@soundcloud.com,Female,164.116.239.132
188,Henry,Phillips,hphillips57@sphinn.com,Male,187.92.85.34
189,Evelyn,Hunter,ehunter58@biblegateway.com,Female,159.103.201.198
190,Samuel,Collins,scollins59@studiopress.com,Male,129.11.11.99
191,Mary,Patterson,mpatterson5a@blogspot.com,Female,216.45.202.187
192,Beverly,Howard,bhoward5b@rediff.com,Female,250.72.137.68
193,Lillian,Moreno,lmoreno5c@sun.com,Female,114.245.183.76
194,Gary,Hughes,ghughes5d@rakuten.co.jp,Male,189.144.137.191
195,Cynthia,Harris,charris5e@ft.com,Female,249.193.241.234
196,Thomas,Sanders,tsanders5f@wikispaces.com,Male,80.77.99.48
197,Benjamin,Mason,bmason5g@nymag.com,Male,160.6.248.60
198,Kimberly,Black,kblack5h@mozilla.org,Female,213.89.112.139
199,Raymond,Peters,rpeters5i@joomla.org,Male,201.9.172.40
200,Jose,Lawrence,jlawrence5j@mail.ru,Male,172.132.254.133
201,Stephen,Duncan,sduncan5k@dedecms.com,Male,13.6.144.149
202,Robert,Diaz,rdiaz5l@statcounter.com,Male,160.218.29.115
203,Debra,Elliott,delliott5m@upenn.edu,Female,18.56.91.255
204,Brandon,Garza,bgarza5n@tiny.cc,Male,94.147.13.151
205,Kimberly,Anderson,kanderson5o@google.ca,Female,46.158.185.50
206,Debra,Nguyen,dnguyen5p@artisteer.com,Female,95.104.68.245
207,Robin,Hamilton,rhamilton5q@netscape.com,Female,97.56.240.183
208,Dorothy,Howard,dhoward5r@phoca.cz,Female,85.143.214.165
209,Julia,Matthews,jmatthews5s@digg.com,Female,157.140.152.203
210,Jerry,Fisher,jfisher5t@ycombinator.com,Male,117.9.46.153
211,Steve,Coleman,scoleman5u@ifeng.com,Male,168.227.100.8
212,Jeffrey,Baker,jbaker5v@seesaa.net,Male,69.162.226.231
213,Kimberly,Payne,kpayne5w@mlb.com,Female,208.61.212.31
214,Brandon,Hamilton,bhamilton5x@pagesperso-orange.fr,Male,171.59.206.148
215,Daniel,Chapman,dchapman5y@scientificamerican.com,Male,186.30.99.143
216,Linda,Allen,lallen5z@opensource.org,Female,207.121.167.81
217,Frank,Ruiz,fruiz60@nhs.uk,Male,174.171.9.108
218,Amanda,Henderson,ahenderson61@posterous.com,Female,248.199.192.104
219,Anna,Snyder,asnyder62@liveinternet.ru,Female,202.112.34.106
220,Ronald,James,rjames63@tripadvisor.com,Male,224.226.58.110
221,Betty,Stephens,bstephens64@mail.ru,Female,42.226.145.62
222,Carol,Harrison,charrison65@lulu.com,Female,202.200.226.139
223,Adam,Wells,awells66@ft.com,Male,203.52.196.130
224,Lillian,Berry,lberry67@bluehost.com,Female,204.116.7.227
225,Philip,Powell,ppowell68@salon.com,Male,223.190.61.90
226,Fred,Bishop,fbishop69@mayoclinic.com,Male,127.163.196.194
227,Emily,Watkins,ewatkins6a@moonfruit.com,Female,236.115.143.164
228,Theresa,Carpenter,tcarpenter6b@facebook.com,Female,116.83.55.159
229,Debra,Porter,dporter6c@unesco.org,Female,153.209.221.178
230,Christine,Bishop,cbishop6d@chronoengine.com,Female,22.247.241.54
231,Paul,Burns,pburns6e@shareasale.com,Male,44.139.152.195
232,Clarence,Hansen,chansen6f@pcworld.com,Male,182.31.28.159
233,Jacqueline,Alexander,jalexander6g@imdb.com,Female,247.21.178.114
234,Juan,Olson,jolson6h@skyrock.com,Male,115.248.4.127
235,Roger,Andrews,randrews6i@cargocollective.com,Male,201.141.94.2
236,Kelly,Sanders,ksanders6j@tripadvisor.com,Female,41.192.54.171
237,Robert,Jones,rjones6k@dyndns.org,Male,231.100.108.160
238,Douglas,Jordan,djordan6l@npr.org,Male,105.77.129.106
239,Donna,Stewart,dstewart6m@domainmarket.com,Female,218.130.116.126
240,Jeremy,Tucker,jtucker6n@mayoclinic.com,Male,12.154.159.15
241,Annie,Wood,awood6o@miibeian.gov.cn,Female,193.59.130.46
242,Beverly,Ruiz,bruiz6p@constantcontact.com,Female,246.124.213.121
243,Karen,Payne,kpayne6q@globo.com,Female,195.192.9.133
244,Ronald,Matthews,rmatthews6r@posterous.com,Male,39.91.149.50
245,Diana,Riley,driley6s@google.pl,Female,249.29.65.169
246,Jason,Garrett,jgarrett6t@google.ru,Male,157.209.110.52
247,Joshua,Clark,jclark6u@instagram.com,Male,186.80.128.152
248,Christopher,Payne,cpayne6v@prlog.org,Male,137.74.8.0
249,Cheryl,Phillips,cphillips6w@youtu.be,Female,168.255.234.111
250,Jacqueline,Garcia,jgarcia6x@dot.gov,Female,112.88.160.22
251,Janice,Morgan,jmorgan6y@csmonitor.com,Female,181.148.86.51
252,Jennifer,Hunter,jhunter6z@oracle.com,Female,67.131.235.86
253,Jessica,Franklin,jfranklin70@xing.com,Female,96.139.138.207
254,Dorothy,Meyer,dmeyer71@amazon.de,Female,134.100.196.148
255,Michelle,Allen,mallen72@cbslocal.com,Female,41.184.188.47
256,Shawn,Oliver,soliver73@facebook.com,Male,38.127.98.166
257,Randy,Williamson,rwilliamson74@google.de,Male,5.246.207.216
258,Anthony,Andrews,aandrews75@ucoz.ru,Male,19.94.246.230
259,Ernest,Daniels,edaniels76@constantcontact.com,Male,244.233.252.36
260,Brian,Banks,bbanks77@behance.net,Male,95.252.48.52
261,Eric,Rogers,erogers78@nature.com,Male,49.9.123.184
262,Elizabeth,Little,elittle79@tamu.edu,Female,100.235.56.234
263,Jacqueline,Myers,jmyers7a@thetimes.co.uk,Female,16.248.120.197
264,William,Payne,wpayne7b@sciencedaily.com,Male,23.74.103.189
265,Donna,Burton,dburton7c@goodreads.com,Female,209.226.74.7
266,Kenneth,Rice,krice7d@xinhuanet.com,Male,11.127.75.81
267,Gerald,Snyder,gsnyder7e@people.com.cn,Male,169.240.123.101
268,Earl,Ferguson,eferguson7f@earthlink.net,Male,190.140.211.214
269,Patrick,Thomas,pthomas7g@sogou.com,Male,42.0.123.51
270,Rose,Peters,rpeters7h@etsy.com,Female,33.2.205.177
271,Craig,Sanchez,csanchez7i@dyndns.org,Male,70.214.56.62
272,Brian,Carter,bcarter7j@businessinsider.com,Male,50.103.27.251
273,Janet,Cooper,jcooper7k@nbcnews.com,Female,164.154.130.204
274,Robin,Ray,rray7l@google.ca,Female,72.223.12.225
275,Kimberly,Johnson,kjohnson7m@nasa.gov,Female,198.95.91.23
276,Larry,Howell,lhowell7n@nationalgeographic.com,Male,250.0.3.145
277,Anne,Griffin,agriffin7o@1und1.de,Female,152.161.72.52
278,Diana,Rodriguez,drodriguez7p@yelp.com,Female,160.202.13.253
279,Evelyn,Harvey,eharvey7q@tripadvisor.com,Female,167.158.216.12
280,Kathy,Peters,kpeters7r@topsy.com,Female,248.250.188.7
281,Sarah,Carter,scarter7s@princeton.edu,Female,181.188.196.138
282,Mark,Austin,maustin7t@reverbnation.com,Male,148.92.71.147
283,Julie,Wells,jwells7u@typepad.com,Female,59.78.225.131
284,Anna,Meyer,ameyer7v@usa.gov,Female,13.48.58.123
285,Wanda,Mcdonald,wmcdonald7w@simplemachines.org,Female,38.159.80.213
286,Sandra,Henderson,shenderson7x@ed.gov,Female,22.12.127.239
287,Louise,Rodriguez,lrodriguez7y@xinhuanet.com,Female,209.201.244.3
288,Lillian,Elliott,lelliott7z@multiply.com,Female,148.243.255.198
289,Janice,Meyer,jmeyer80@is.gd,Female,46.89.67.231
290,Norma,Tucker,ntucker81@sina.com.cn,Female,236.1.176.48
291,Gary,Welch,gwelch82@google.co.jp,Male,220.204.50.96
292,Phillip,Matthews,pmatthews83@dot.gov,Male,5.161.14.129
293,Julie,Mcdonald,jmcdonald84@last.fm,Female,91.71.132.114
294,Jimmy,Carter,jcarter85@columbia.edu,Male,119.216.53.228
295,James,Castillo,jcastillo86@acquirethisname.com,Male,229.136.57.150
296,Emily,Stewart,estewart87@psu.edu,Female,10.16.155.225
297,Anne,Brooks,abrooks88@networksolutions.com,Female,178.241.208.12
298,Martin,Wood,mwood89@forbes.com,Male,209.2.212.53
299,Julie,Jones,jjones8a@msn.com,Female,7.104.2.153
300,Evelyn,Wilson,ewilson8b@cisco.com,Female,154.89.165.105
301,Earl,Morris,emorris8c@about.com,Male,104.224.112.148
302,Ernest,Lawson,elawson8d@histats.com,Male,137.31.242.59
303,Emily,Nichols,enichols8e@altervista.org,Female,202.26.86.27
304,Jeremy,Clark,jclark8f@skyrock.com,Male,43.15.234.11
305,Mildred,Davis,mdavis8g@ning.com,Female,129.11.217.144
306,Richard,Holmes,rholmes8h@npr.org,Male,68.162.9.38
307,Gregory,Stone,gstone8i@topsy.com,Male,233.6.26.207
308,Randy,Brooks,rbrooks8j@reddit.com,Male,225.44.77.66
309,Earl,Carroll,ecarroll8k@hud.gov,Male,137.61.125.4
310,James,Cooper,jcooper8l@oracle.com,Male,93.215.42.239
311,Matthew,Moreno,mmoreno8m@slideshare.net,Male,56.215.177.190
312,Annie,Robertson,arobertson8n@cornell.edu,Female,227.15.223.116
313,Amanda,Morrison,amorrison8o@parallels.com,Female,49.59.99.254
314,Laura,Rogers,lrogers8p@usa.gov,Female,105.7.20.91
315,Antonio,Stone,astone8q@noaa.gov,Male,151.209.84.88
316,Sandra,George,sgeorge8r@e-recht24.de,Female,230.246.98.134
317,Jean,Ward,jward8s@uiuc.edu,Female,244.32.70.173
318,Lois,Hall,lhall8t@icq.com,Female,253.50.110.28
319,Larry,Ryan,lryan8u@vistaprint.com,Male,105.17.82.167
320,Martin,Jordan,mjordan8v@shareasale.com,Male,19.44.114.98
321,Margaret,Jenkins,mjenkins8w@indiegogo.com,Female,1.224.167.2
322,Benjamin,Watson,bwatson8x@loc.gov,Male,18.193.154.189
323,Joseph,Morales,jmorales8y@edublogs.org,Male,162.58.228.91
324,Jane,Andrews,jandrews8z@moonfruit.com,Female,87.29.190.24
325,Wanda,Powell,wpowell90@themeforest.net,Female,9.148.122.81
326,Anne,Chavez,achavez91@weibo.com,Female,54.23.123.68
327,Walter,Holmes,wholmes92@umich.edu,Male,217.90.204.154
328,Johnny,Lawrence,jlawrence93@google.cn,Male,118.167.2.194
329,Martha,Cook,mcook94@facebook.com,Female,106.26.165.22
330,Tammy,Jones,tjones95@ucla.edu,Female,65.99.11.163
331,Ryan,Harrison,rharrison96@marketwatch.com,Male,105.74.150.67
332,Eric,Powell,epowell97@sphinn.com,Male,75.169.146.160
333,David,Mendoza,dmendoza98@census.gov,Male,131.61.228.176
334,Clarence,Hunter,chunter99@nba.com,Male,57.0.191.232
335,Lillian,Bennett,lbennett9a@skype.com,Female,109.132.119.82
336,Lillian,Mason,lmason9b@irs.gov,Female,23.190.139.96
337,Martha,Bell,mbell9c@xinhuanet.com,Female,17.164.36.244
338,Julia,Garrett,jgarrett9d@archive.org,Female,163.251.193.14
339,Katherine,Martinez,kmartinez9e@europa.eu,Female,237.189.194.145
340,Rachel,Nelson,rnelson9f@reference.com,Female,234.80.231.173
341,Dennis,Cruz,dcruz9g@slate.com,Male,86.163.143.150
342,Rebecca,Miller,rmiller9h@craigslist.org,Female,24.60.122.161
343,Frances,Bell,fbell9i@alexa.com,Female,85.159.138.69
344,Jesse,Robertson,jrobertson9j@photobucket.com,Male,175.251.4.63
345,Tammy,Wagner,twagner9k@g.co,Female,56.123.75.241
346,Katherine,Cox,kcox9l@yale.edu,Female,233.76.124.141
347,Heather,Montgomery,hmontgomery9m@newyorker.com,Female,31.74.0.50
348,Juan,Vasquez,jvasquez9n@networksolutions.com,Male,87.6.226.112
349,Christopher,Arnold,carnold9o@wordpress.com,Male,249.207.239.59
350,Marie,Stewart,mstewart9p@census.gov,Female,42.214.50.190
351,Sandra,Gonzalez,sgonzalez9q@fema.gov,Female,123.105.107.157
352,Doris,Alvarez,dalvarez9r@sohu.com,Female,52.57.181.167
353,Mildred,Wheeler,mwheeler9s@diigo.com,Female,163.65.19.117
354,Kevin,Murphy,kmurphy9t@surveymonkey.com,Male,94.228.33.216
355,Deborah,Garrett,dgarrett9u@nasa.gov,Female,254.185.142.229
356,Catherine,Richards,crichards9v@xing.com,Female,206.60.40.170
357,Ruth,Freeman,rfreeman9w@skype.com,Female,117.60.210.243
358,Clarence,Williams,cwilliams9x@howstuffworks.com,Male,215.46.34.51
359,Lillian,Stephens,lstephens9y@nih.gov,Female,225.145.74.27
360,Richard,Cook,rcook9z@csmonitor.com,Male,11.57.162.44
361,Jonathan,Myers,jmyersa0@sfgate.com,Male,73.238.58.219
362,Juan,Brooks,jbrooksa1@histats.com,Male,194.3.193.37
363,Lillian,Bryant,lbryanta2@oaic.gov.au,Female,180.235.77.239
364,Amanda,Bryant,abryanta3@ehow.com,Female,201.113.218.144
365,Emily,Fowler,efowlera4@tripod.com,Female,234.249.140.181
366,Frances,Matthews,fmatthewsa5@123-reg.co.uk,Female,160.234.209.228
367,Kenneth,Olson,kolsona6@yahoo.com,Male,175.45.61.93
368,Christine,Walker,cwalkera7@dmoz.org,Female,237.66.97.70
369,Terry,Smith,tsmitha8@flavors.me,Male,12.162.11.165
370,Wayne,Harris,wharrisa9@independent.co.uk,Male,161.229.208.146
371,Sarah,Clark,sclarkaa@vk.com,Female,23.214.89.96
372,Kevin,Garza,kgarzaab@opera.com,Male,114.126.121.243
373,Thomas,Ramos,tramosac@about.me,Male,136.177.136.162
374,Mark,Kelly,mkellyad@scribd.com,Male,2.235.222.171
375,Harry,Watson,hwatsonae@google.it,Male,119.60.112.47
376,Roy,Roberts,rrobertsaf@ovh.net,Male,71.123.147.76
377,Deborah,Greene,dgreeneag@prlog.org,Female,6.105.13.248
378,Steven,Matthews,smatthewsah@ucoz.ru,Male,159.27.133.101
379,Thomas,Powell,tpowellai@msn.com,Male,39.79.250.113
380,Rebecca,Ray,rrayaj@xrea.com,Female,17.49.3.161
381,William,Morrison,wmorrisonak@admin.ch,Male,169.116.80.141
382,Jonathan,Johnston,jjohnstonal@smh.com.au,Male,70.4.201.61
383,Richard,Elliott,relliottam@mashable.com,Male,55.247.229.222
384,Jeffrey,White,jwhitean@fc2.com,Male,23.181.245.37
385,Ernest,Ramos,eramosao@issuu.com,Male,222.246.235.229
386,Douglas,Harrison,dharrisonap@ask.com,Male,184.246.157.153
387,Steven,Reyes,sreyesaq@networkadvertising.org,Male,167.246.137.225
388,Jose,Young,jyoungar@wordpress.com,Male,25.241.207.13
389,Scott,Garza,sgarzaas@amazon.co.uk,Male,243.137.102.72
390,Frances,Bell,fbellat@chicagotribune.com,Female,171.189.236.173
391,Lois,Baker,lbakerau@mail.ru,Female,193.78.129.155
392,Jason,Fox,jfoxav@wikispaces.com,Male,85.102.248.73
393,Carlos,Lopez,clopezaw@usgs.gov,Male,6.79.205.253
394,Cheryl,Hawkins,chawkinsax@theglobeandmail.com,Female,2.187.168.20
395,Robin,Ward,rwarday@1und1.de,Female,44.63.211.178
396,Nancy,Flores,nfloresaz@patch.com,Female,20.47.99.31
397,Sean,Mendoza,smendozab0@360.cn,Male,186.70.226.113
398,Diana,Kelly,dkellyb1@apple.com,Female,62.148.72.227
399,Nancy,Ward,nwardb2@rediff.com,Female,194.112.191.168
400,Joshua,Johnston,jjohnstonb3@twitpic.com,Male,210.221.174.136
401,Juan,Wheeler,jwheelerb4@macromedia.com,Male,27.7.23.122
402,Cheryl,Hall,challb5@dedecms.com,Female,81.121.245.235
403,Bruce,White,bwhiteb6@google.com.hk,Male,208.172.70.223
404,Douglas,Coleman,dcolemanb7@google.co.uk,Male,227.230.3.86
405,Donald,Barnes,dbarnesb8@virginia.edu,Male,46.9.103.36
406,Nicole,Martinez,nmartinezb9@amazon.co.uk,Female,48.33.52.79
407,Billy,Owens,bowensba@cnet.com,Male,221.113.171.193
408,Sean,Kelly,skellybb@baidu.com,Male,14.183.138.20
409,Clarence,Bennett,cbennettbc@dropbox.com,Male,67.221.205.128
410,Jason,Cruz,jcruzbd@sohu.com,Male,166.145.221.43
411,Christopher,Evans,cevansbe@cloudflare.com,Male,231.43.14.90
412,Donald,Morrison,dmorrisonbf@whitehouse.gov,Male,119.9.175.171
413,Teresa,Harrison,tharrisonbg@hhs.gov,Female,203.168.8.242
414,Christina,Ford,cfordbh@pcworld.com,Female,88.120.45.180
415,Michael,Price,mpricebi@japanpost.jp,Male,83.185.204.137
416,Judith,Henderson,jhendersonbj@ucoz.ru,Female,174.7.27.76
417,Phillip,Wood,pwoodbk@list-manage.com,Male,141.221.18.198
418,Carl,Griffin,cgriffinbl@drupal.org,Male,88.225.191.111
419,Kathryn,Wagner,kwagnerbm@netscape.com,Female,51.78.246.90
420,Mary,Watson,mwatsonbn@histats.com,Female,169.121.106.202
421,Terry,Griffin,tgriffinbo@yellowbook.com,Male,88.19.244.48
422,Kenneth,Young,kyoungbp@oakley.com,Male,56.38.103.200
423,Mark,Frazier,mfrazierbq@japanpost.jp,Male,229.111.139.48
424,Harry,Moore,hmoorebr@naver.com,Male,106.121.230.126
425,Sara,Hudson,shudsonbs@netvibes.com,Female,237.159.47.138
426,Melissa,Hughes,mhughesbt@bing.com,Female,200.182.230.174
427,Kathryn,Gilbert,kgilbertbu@mozilla.org,Female,227.196.194.69
428,Brenda,Hill,bhillbv@deliciousdays.com,Female,94.168.156.135
429,Mildred,Perry,mperrybw@pcworld.com,Female,64.103.230.13
430,Nicole,Flores,nfloresbx@phoca.cz,Female,46.132.137.111
431,Christine,Bradley,cbradleyby@homestead.com,Female,13.207.158.93
432,David,Harvey,dharveybz@house.gov,Male,225.151.25.184
433,Jason,Dean,jdeanc0@blogtalkradio.com,Male,154.207.21.14
434,Todd,Pierce,tpiercec1@weibo.com,Male,204.141.210.155
435,Beverly,Bennett,bbennettc2@g.co,Female,58.62.179.93
436,Karen,Nichols,knicholsc3@prnewswire.com,Female,5.21.154.235
437,Victor,Duncan,vduncanc4@google.it,Male,103.52.27.4
438,Judith,Greene,jgreenec5@patch.com,Female,113.235.65.97
439,Clarence,Gilbert,cgilbertc6@oakley.com,Male,28.91.109.149
440,Stephanie,Simmons,ssimmonsc7@gravatar.com,Female,222.202.37.146
441,Angela,Williamson,awilliamsonc8@plala.or.jp,Female,226.58.83.233
442,Larry,Henry,lhenryc9@comcast.net,Male,13.66.13.213
443,Jason,Cooper,jcooperca@patch.com,Male,183.37.168.175
444,Kimberly,Stewart,kstewartcb@goo.ne.jp,Female,146.21.185.38
445,Diane,Wilson,dwilsoncc@un.org,Female,176.63.180.154
446,Brandon,Burton,bburtoncd@newsvine.com,Male,8.112.234.89
447,Denise,Hanson,dhansonce@netlog.com,Female,94.37.191.43
448,Shirley,Allen,sallencf@bandcamp.com,Female,86.215.99.216
449,Barbara,White,bwhitecg@usa.gov,Female,3.159.148.6
450,Alice,Frazier,afrazierch@g.co,Female,186.196.174.19
451,Douglas,Howell,dhowellci@xinhuanet.com,Male,118.84.253.168
452,Denise,Knight,dknightcj@icq.com,Female,167.127.112.174
453,Terry,Patterson,tpattersonck@devhub.com,Male,173.80.184.10
454,Randy,Gonzalez,rgonzalezcl@cam.ac.uk,Male,238.125.27.130
455,Wayne,Diaz,wdiazcm@t-online.de,Male,29.134.208.238
456,Marie,Murray,mmurraycn@narod.ru,Female,193.53.35.75
457,Elizabeth,Watkins,ewatkinsco@studiopress.com,Female,50.127.243.240
458,Norma,Adams,nadamscp@domainmarket.com,Female,42.168.247.21
459,Benjamin,Adams,badamscq@trellian.com,Male,86.50.56.25
460,Sharon,Brooks,sbrookscr@tamu.edu,Female,158.57.57.125
461,Frank,Boyd,fboydcs@wikipedia.org,Male,239.27.195.65
462,Robert,Powell,rpowellct@chron.com,Male,171.27.196.170
463,William,Bennett,wbennettcu@cbsnews.com,Male,70.252.197.225
464,Russell,Cox,rcoxcv@craigslist.org,Male,145.26.66.172
465,Kelly,Shaw,kshawcw@wp.com,Female,49.40.58.155
466,Shawn,Stevens,sstevenscx@dedecms.com,Male,233.208.164.249
467,Amanda,Harper,aharpercy@economist.com,Female,254.89.139.118
468,Alan,Gardner,agardnercz@google.com,Male,237.87.162.214
469,Louise,Garrett,lgarrettd0@bravesites.com,Female,220.180.104.100
470,Ann,Cunningham,acunninghamd1@sourceforge.net,Female,181.85.94.39
471,Carlos,Johnson,cjohnsond2@typepad.com,Male,202.222.31.162
472,Richard,Hawkins,rhawkinsd3@arizona.edu,Male,29.214.56.219
473,Phyllis,Meyer,pmeyerd4@feedburner.com,Female,217.168.224.101
474,Nicholas,Morales,nmoralesd5@umn.edu,Male,92.22.23.0
475,Marie,Sanders,msandersd6@shinystat.com,Female,179.24.137.34
476,Rebecca,Sullivan,rsullivand7@weibo.com,Female,223.78.31.44
477,Joyce,Wagner,jwagnerd8@state.gov,Female,54.179.120.128
478,Carolyn,Meyer,cmeyerd9@devhub.com,Female,235.94.203.66
479,Tammy,Nguyen,tnguyenda@whitehouse.gov,Female,61.43.108.211
480,Katherine,Williams,kwilliamsdb@quantcast.com,Female,147.184.210.46
481,Dorothy,Matthews,dmatthewsdc@zimbio.com,Female,209.24.23.239
482,Aaron,Peterson,apetersondd@odnoklassniki.ru,Male,60.127.155.148
483,Willie,Richards,wrichardsde@youtube.com,Male,48.172.212.2
484,Lawrence,Hart,lhartdf@dell.com,Male,116.91.108.7
485,Michael,Anderson,mandersondg@noaa.gov,Male,139.248.113.134
486,Billy,Burke,bburkedh@google.com.au,Male,113.30.59.234
487,Ruby,Hunter,rhunterdi@behance.net,Female,141.145.117.209
488,Patrick,West,pwestdj@over-blog.com,Male,210.181.255.122
489,Scott,James,sjamesdk@msn.com,Male,179.9.121.62
490,Sharon,Garcia,sgarciadl@paypal.com,Female,7.97.224.245
491,Mary,Jackson,mjacksondm@yolasite.com,Female,149.178.56.228
492,Gerald,Sanchez,gsanchezdn@reverbnation.com,Male,212.197.48.221
493,Russell,Watkins,rwatkinsdo@freewebs.com,Male,18.57.152.152
494,Paul,Pierce,ppiercedp@acquirethisname.com,Male,44.103.134.56
495,Benjamin,Taylor,btaylordq@furl.net,Male,237.15.77.18
496,Joan,Gordon,jgordondr@printfriendly.com,Female,254.204.1.223
497,Cynthia,Gray,cgrayds@huffingtonpost.com,Female,221.192.223.119
498,Joan,Porter,jporterdt@hubpages.com,Female,185.68.235.9
499,Charles,Rodriguez,crodriguezdu@skype.com,Male,41.252.116.105
500,Frank,Medina,fmedinadv@washingtonpost.com,Male,255.243.135.215
501,Donna,Gilbert,dgilbertdw@usda.gov,Female,116.112.133.92
502,Jesse,Bennett,jbennettdx@si.edu,Male,73.109.155.47
503,Patricia,Ramos,pramosdy@prweb.com,Female,61.17.134.153
504,Pamela,Campbell,pcampbelldz@sohu.com,Female,38.52.73.79
505,Todd,Reed,treede0@businesswire.com,Male,148.142.6.102
506,Juan,Hanson,jhansone1@blogspot.com,Male,234.173.237.212
507,Daniel,Owens,dowense2@addthis.com,Male,174.160.111.206
508,Donna,Alexander,dalexandere3@engadget.com,Female,183.2.78.198
509,Anthony,Wood,awoode4@uol.com.br,Male,235.14.189.68
510,Marilyn,Dixon,mdixone5@mozilla.org,Female,151.177.196.73
511,Jeremy,Hunt,jhunte6@google.fr,Male,25.118.202.171
512,Virginia,Lynch,vlynche7@cafepress.com,Female,4.121.249.13
513,Christopher,Reyes,creyese8@rediff.com,Male,25.7.38.52
514,Rachel,Stone,rstonee9@1und1.de,Female,139.6.58.151
515,Andrea,Warren,awarrenea@chicagotribune.com,Female,87.156.245.138
516,Shirley,Cox,scoxeb@domainmarket.com,Female,29.103.100.109
517,Anthony,Mills,amillsec@earthlink.net,Male,187.52.202.13
518,Matthew,White,mwhiteed@webmd.com,Male,79.232.40.153
519,Johnny,Burns,jburnsee@creativecommons.org,Male,140.66.234.71
520,Jessica,Knight,jknightef@e-recht24.de,Female,55.185.195.87
521,James,Young,jyoungeg@t.co,Male,92.112.248.217
522,Diane,Kelley,dkelleyeh@etsy.com,Female,151.253.181.37
523,Dorothy,Moore,dmooreei@t-online.de,Female,175.49.177.167
524,Elizabeth,Stone,estoneej@yahoo.com,Female,30.148.122.206
525,Debra,Taylor,dtaylorek@webeden.co.uk,Female,136.216.181.9
526,Larry,Carr,lcarrel@marriott.com,Male,12.84.229.199
527,Steven,Baker,sbakerem@purevolume.com,Male,220.90.229.228
528,Anthony,Burton,aburtonen@tinyurl.com,Male,153.90.67.12
529,Brenda,Elliott,belliotteo@ftc.gov,Female,68.129.75.93
530,James,Turner,jturnerep@trellian.com,Male,110.100.112.82
531,Peter,Palmer,ppalmereq@mit.edu,Male,230.99.59.60
532,Martha,Banks,mbankser@wsj.com,Female,252.41.88.117
533,Steve,Harper,sharperes@squidoo.com,Male,51.161.15.144
534,Alice,Cruz,acruzet@bbb.org,Female,130.215.87.79
535,Keith,Morris,kmorriseu@is.gd,Male,217.5.71.128
536,Jessica,Long,jlongev@who.int,Female,97.15.10.52
537,Willie,Chapman,wchapmanew@usatoday.com,Male,12.84.171.62
538,Edward,Myers,emyersex@weather.com,Male,56.249.17.234
539,Joe,Garcia,jgarciaey@creativecommons.org,Male,25.52.184.160
540,Stephen,Jackson,sjacksonez@vimeo.com,Male,120.91.73.145
541,Craig,Webb,cwebbf0@economist.com,Male,91.220.116.221
542,Mildred,Johnson,mjohnsonf1@nbcnews.com,Female,186.122.124.56
543,Steven,Ross,srossf2@hp.com,Male,96.229.191.25
544,Katherine,Gonzales,kgonzalesf3@abc.net.au,Female,180.129.46.120
545,Jesse,Wood,jwoodf4@hexun.com,Male,93.145.108.196
546,Benjamin,Campbell,bcampbellf5@discuz.net,Male,113.13.140.61
547,Rachel,Taylor,rtaylorf6@linkedin.com,Female,95.64.226.156
548,Billy,Brown,bbrownf7@trellian.com,Male,77.38.48.255
549,Sarah,Payne,spaynef8@phpbb.com,Female,114.4.46.5
550,Eugene,Kelley,ekelleyf9@timesonline.co.uk,Male,234.197.5.217
551,Rose,Berry,rberryfa@typepad.com,Female,81.18.73.149
552,Karen,Campbell,kcampbellfb@ucsd.edu,Female,27.84.232.198
553,Amanda,Mason,amasonfc@squidoo.com,Female,231.99.165.146
554,Daniel,Romero,dromerofd@sun.com,Male,248.147.208.234
555,Kathleen,Walker,kwalkerfe@guardian.co.uk,Female,95.120.67.194
556,Sean,Fox,sfoxff@cisco.com,Male,149.162.178.220
557,Susan,Morgan,smorganfg@discovery.com,Female,220.24.255.109
558,Ralph,Nichols,rnicholsfh@vinaora.com,Male,23.41.61.162
559,Heather,Burns,hburnsfi@amazon.co.jp,Female,53.241.173.220
560,Donald,Lynch,dlynchfj@is.gd,Male,170.222.202.87
561,Amy,Perez,aperezfk@parallels.com,Female,70.244.0.163
562,Jeremy,Little,jlittlefl@mashable.com,Male,209.242.227.184
563,Kathy,Knight,kknightfm@wired.com,Female,20.243.201.172
564,Martha,Nichols,mnicholsfn@admin.ch,Female,243.124.177.75
565,Larry,Wheeler,lwheelerfo@google.co.jp,Male,97.219.49.71
566,Theresa,Dunn,tdunnfp@myspace.com,Female,229.118.212.116
567,Nicole,Flores,nfloresfq@dailymail.co.uk,Female,241.228.104.20
568,Janet,Sullivan,jsullivanfr@archive.org,Female,129.218.246.97
569,Robert,King,rkingfs@hatena.ne.jp,Male,245.126.81.103
570,Mark,Banks,mbanksft@wisc.edu,Male,91.233.52.171
571,Anne,Cox,acoxfu@nydailynews.com,Female,175.86.43.54
572,Joan,Ortiz,jortizfv@samsung.com,Female,228.39.135.179
573,Brian,Mccoy,bmccoyfw@prweb.com,Male,175.232.49.10
574,Douglas,Lane,dlanefx@columbia.edu,Male,34.40.89.16
575,Frances,Gordon,fgordonfy@deliciousdays.com,Female,191.189.174.198
576,Carol,Reed,creedfz@geocities.jp,Female,153.136.163.217
577,Sean,Johnston,sjohnstong0@google.it,Male,62.133.78.140
578,Matthew,Lynch,mlynchg1@google.it,Male,44.187.74.165
579,Julie,Walker,jwalkerg2@berkeley.edu,Female,34.73.137.203
580,Virginia,Lawson,vlawsong3@surveymonkey.com,Female,109.157.210.101
581,Clarence,Gonzalez,cgonzalezg4@arstechnica.com,Male,238.105.91.210
582,Lillian,Berry,lberryg5@people.com.cn,Female,74.97.17.88
583,Katherine,Wright,kwrightg6@sciencedaily.com,Female,119.9.58.54
584,Sarah,Reynolds,sreynoldsg7@wunderground.com,Female,193.62.110.254
585,Beverly,Torres,btorresg8@bbc.co.uk,Female,125.225.188.211
586,Eugene,Hudson,ehudsong9@paginegialle.it,Male,229.143.242.61
587,Jeremy,Palmer,jpalmerga@usa.gov,Male,133.227.246.51
588,Steve,Johnson,sjohnsongb@qq.com,Male,219.20.73.228
589,Judith,Perry,jperrygc@ucla.edu,Female,199.233.131.120
590,Ralph,Lawrence,rlawrencegd@freewebs.com,Male,208.95.250.13
591,Roger,Williams,rwilliamsge@icq.com,Male,104.162.146.123
592,Melissa,Stanley,mstanleygf@google.it,Female,7.50.80.152
593,Arthur,Allen,aallengg@mayoclinic.com,Male,45.72.194.178
594,Marilyn,Ryan,mryangh@woothemes.com,Female,220.41.70.237
595,Mark,Miller,mmillergi@yandex.ru,Male,235.196.102.199
596,Eugene,Ramirez,eramirezgj@toplist.cz,Male,115.117.144.225
597,Shirley,Hall,shallgk@vinaora.com,Female,244.105.67.162
598,Scott,Simpson,ssimpsongl@japanpost.jp,Male,14.235.196.234
599,Christina,Cunningham,ccunninghamgm@cloudflare.com,Female,8.252.117.98
600,Norma,Fernandez,nfernandezgn@csmonitor.com,Female,77.122.162.96
601,Diana,Johnson,djohnsongo@telegraph.co.uk,Female,159.129.150.6
602,Paula,Webb,pwebbgp@mozilla.com,Female,137.198.181.191
603,Julie,Hart,jhartgq@auda.org.au,Female,144.226.48.213
604,Evelyn,Hunt,ehuntgr@ocn.ne.jp,Female,194.9.199.210
605,Randy,Ortiz,rortizgs@behance.net,Male,80.230.151.56
606,Paul,Perkins,pperkinsgt@merriam-webster.com,Male,244.205.246.89
607,Justin,White,jwhitegu@skyrock.com,Male,56.31.86.120
608,Antonio,Roberts,arobertsgv@fda.gov,Male,197.13.237.31
609,Amanda,Porter,aportergw@bloglines.com,Female,220.76.190.26
610,Shirley,Myers,smyersgx@ycombinator.com,Female,3.86.182.217
611,Harry,Hunter,hhuntergy@g.co,Male,109.48.144.252
612,Thomas,Rivera,triveragz@paginegialle.it,Male,82.187.249.61
613,Victor,Nelson,vnelsonh0@hostgator.com,Male,177.200.152.193
614,Elizabeth,Martin,emartinh1@yolasite.com,Female,243.154.252.16
615,Kimberly,Ross,krossh2@live.com,Female,74.75.100.13
616,Willie,Griffin,wgriffinh3@oakley.com,Male,11.61.100.80
617,Norma,Garza,ngarzah4@ftc.gov,Female,70.217.122.98
618,Kathryn,Arnold,karnoldh5@last.fm,Female,164.196.91.73
619,Maria,Reid,mreidh6@ihg.com,Female,170.106.11.162
620,Robert,Ward,rwardh7@cam.ac.uk,Male,162.209.5.114
621,Roger,Welch,rwelchh8@yahoo.com,Male,139.151.138.108
622,Ernest,Dixon,edixonh9@ovh.net,Male,104.143.166.12
623,Todd,Price,tpriceha@epa.gov,Male,119.158.118.243
624,George,Wells,gwellshb@nasa.gov,Male,193.92.71.67
625,Angela,Martin,amartinhc@washington.edu,Female,136.147.24.115
626,George,Alexander,galexanderhd@msn.com,Male,202.85.252.47
627,Marilyn,Sanders,msandershe@jimdo.com,Female,85.130.15.189
628,Carl,Weaver,cweaverhf@nhs.uk,Male,137.98.80.181
629,Phyllis,Burns,pburnshg@yahoo.co.jp,Female,111.172.49.111
630,Juan,Cook,jcookhh@rakuten.co.jp,Male,143.145.210.195
631,Chris,West,cwesthi@delicious.com,Male,255.191.5.178
632,Ernest,Lynch,elynchhj@51.la,Male,68.204.250.62
633,Amanda,Nguyen,anguyenhk@army.mil,Female,170.16.103.133
634,Bobby,Flores,bfloreshl@salon.com,Male,170.178.52.242
635,Tina,Fox,tfoxhm@ca.gov,Female,71.7.42.24
636,Brian,Mills,bmillshn@ft.com,Male,186.115.245.86
637,Michael,Watson,mwatsonho@prweb.com,Male,252.161.74.18
638,Ruby,Ramos,rramoshp@businessweek.com,Female,9.130.169.58
639,Amanda,Day,adayhq@google.es,Female,25.251.14.30
640,Chris,King,ckinghr@vimeo.com,Male,95.30.0.185
641,Jerry,Webb,jwebbhs@home.pl,Male,68.108.151.10
642,Wanda,Morales,wmoralesht@mozilla.org,Female,114.19.42.48
643,Albert,Porter,aporterhu@marketwatch.com,Male,160.19.18.151
644,Helen,Spencer,hspencerhv@wikispaces.com,Female,62.109.73.88
645,Anne,Dean,adeanhw@symantec.com,Female,12.176.74.251
646,Margaret,Howard,mhowardhx@economist.com,Female,1.45.193.87
647,Amy,Wright,awrighthy@artisteer.com,Female,155.81.130.250
648,Douglas,Lawrence,dlawrencehz@dion.ne.jp,Male,73.138.187.144
649,Jonathan,Spencer,jspenceri0@ed.gov,Male,205.249.142.175
650,Alan,Hamilton,ahamiltoni1@mashable.com,Male,217.1.165.213
651,Antonio,Little,alittlei2@wikia.com,Male,118.130.6.129
652,Carolyn,Holmes,cholmesi3@ehow.com,Female,151.254.68.86
653,Janice,Garcia,jgarciai4@naver.com,Female,112.76.48.168
654,Shirley,Shaw,sshawi5@zimbio.com,Female,200.205.242.168
655,Billy,Little,blittlei6@vimeo.com,Male,98.39.41.221
656,Dennis,Evans,devansi7@zdnet.com,Male,112.29.43.111
657,Kathy,Cooper,kcooperi8@examiner.com,Female,167.36.181.94
658,Martin,Matthews,mmatthewsi9@reverbnation.com,Male,130.76.70.134
659,Jacqueline,Daniels,jdanielsia@webnode.com,Female,238.58.194.255
660,Sarah,Powell,spowellib@patch.com,Female,88.119.38.168
661,Julie,Hawkins,jhawkinsic@soundcloud.com,Female,197.123.38.60
662,Jose,Martin,jmartinid@delicious.com,Male,8.45.222.232
663,Jessica,Stevens,jstevensie@vinaora.com,Female,99.117.71.120
664,Patrick,Fox,pfoxif@aboutads.info,Male,241.88.115.59
665,Kenneth,Grant,kgrantig@zdnet.com,Male,250.16.106.252
666,Jane,Elliott,jelliottih@ocn.ne.jp,Female,148.88.181.218
667,Harry,Henderson,hhendersonii@squarespace.com,Male,87.62.167.16
668,Ruby,Lopez,rlopezij@illinois.edu,Female,0.52.200.9
669,Christopher,Alexander,calexanderik@ask.com,Male,50.147.133.65
670,Joyce,Hart,jhartil@vinaora.com,Female,251.132.110.245
671,Gloria,Franklin,gfranklinim@jalbum.net,Female,163.221.135.182
672,Steven,Jones,sjonesin@goodreads.com,Male,8.42.146.66
673,Craig,Torres,ctorresio@prweb.com,Male,141.66.33.228
674,Nicole,Morris,nmorrisip@feedburner.com,Female,244.223.244.118
675,Samuel,Gibson,sgibsoniq@storify.com,Male,104.77.151.188
676,Deborah,Banks,dbanksir@cam.ac.uk,Female,8.101.233.100
677,William,Bennett,wbennettis@linkedin.com,Male,43.100.117.55
678,Joseph,Phillips,jphillipsit@hud.gov,Male,208.42.103.50
679,Charles,Stone,cstoneiu@hexun.com,Male,26.210.131.164
680,Carlos,Ellis,cellisiv@deliciousdays.com,Male,193.60.252.112
681,Pamela,Foster,pfosteriw@google.com,Female,40.192.79.94
682,Steven,Bowman,sbowmanix@reference.com,Male,25.252.230.97
683,Rose,Reynolds,rreynoldsiy@chron.com,Female,133.199.206.15
684,Jesse,Hamilton,jhamiltoniz@skyrock.com,Male,34.81.205.205
685,Frank,Cook,fcookj0@noaa.gov,Male,21.225.187.206
686,Ann,Gutierrez,agutierrezj1@cargocollective.com,Female,20.240.168.137
687,Mary,Moreno,mmorenoj2@reference.com,Female,235.16.201.190
688,Louise,Daniels,ldanielsj3@dedecms.com,Female,9.30.54.174
689,Theresa,Vasquez,tvasquezj4@arizona.edu,Female,50.40.52.255
690,Daniel,Cruz,dcruzj5@a8.net,Male,107.198.199.185
691,Debra,Ray,drayj6@naver.com,Female,118.132.230.17
692,Catherine,Mitchell,cmitchellj7@google.com.hk,Female,122.32.81.138
693,Ruth,Stephens,rstephensj8@google.com.au,Female,98.129.133.40
694,Paul,Cruz,pcruzj9@uol.com.br,Male,108.95.88.51
695,Anna,Scott,ascottja@umich.edu,Female,178.203.48.95
696,Amy,Montgomery,amontgomeryjb@wsj.com,Female,126.209.73.199
697,Terry,Banks,tbanksjc@alexa.com,Male,100.100.188.150
698,Nicholas,Coleman,ncolemanjd@cpanel.net,Male,246.213.35.83
699,Margaret,Taylor,mtaylorje@woothemes.com,Female,192.80.13.162
700,Emily,Berry,eberryjf@omniture.com,Female,159.30.183.147
701,Jack,Hernandez,jhernandezjg@noaa.gov,Male,161.198.100.33
702,Dennis,Burns,dburnsjh@cmu.edu,Male,68.206.147.16
703,Randy,Hudson,rhudsonji@furl.net,Male,6.22.201.105
704,Cheryl,Perry,cperryjj@hugedomains.com,Female,160.3.33.247
705,Patrick,Sims,psimsjk@netvibes.com,Male,117.40.134.62
706,Andrea,Ford,afordjl@github.com,Female,67.151.80.125
707,Larry,Montgomery,lmontgomeryjm@newyorker.com,Male,47.19.109.96
708,Gary,Owens,gowensjn@hc360.com,Male,204.186.82.84
709,Laura,Simpson,lsimpsonjo@wikipedia.org,Female,197.221.19.124
710,Pamela,Welch,pwelchjp@meetup.com,Female,202.117.89.194
711,Wanda,Spencer,wspencerjq@ezinearticles.com,Female,36.216.42.149
712,William,Thompson,wthompsonjr@ft.com,Male,219.55.63.35
713,Christina,Ward,cwardjs@merriam-webster.com,Female,48.207.171.166
714,Janice,Ramirez,jramirezjt@fastcompany.com,Female,88.115.66.163
715,Judy,Barnes,jbarnesju@huffingtonpost.com,Female,238.27.23.186
716,Paula,Miller,pmillerjv@rediff.com,Female,71.6.114.51
717,Sarah,Armstrong,sarmstrongjw@livejournal.com,Female,231.115.118.156
718,Jack,Moreno,jmorenojx@clickbank.net,Male,193.232.196.225
719,Keith,Mcdonald,kmcdonaldjy@icq.com,Male,162.246.246.237
720,Dennis,Watson,dwatsonjz@nymag.com,Male,161.69.155.77
721,Ashley,Porter,aporterk0@cbslocal.com,Female,116.247.15.179
722,Craig,Duncan,cduncank1@apache.org,Male,207.173.132.170
723,Lori,Myers,lmyersk2@cbsnews.com,Female,44.95.114.182
724,Melissa,Carpenter,mcarpenterk3@sitemeter.com,Female,214.119.197.125
725,Steve,Freeman,sfreemank4@wiley.com,Male,211.161.248.67
726,Evelyn,King,ekingk5@ucsd.edu,Female,109.147.97.224
727,Kevin,Myers,kmyersk6@dedecms.com,Male,33.158.102.227
728,Diana,Holmes,dholmesk7@baidu.com,Female,132.121.147.121
729,Russell,Alvarez,ralvarezk8@cornell.edu,Male,121.41.176.172
730,Brenda,Jones,bjonesk9@economist.com,Female,229.155.167.127
731,Eric,Butler,ebutlerka@ebay.com,Male,137.254.213.109
732,Carl,Perez,cperezkb@google.it,Male,131.52.73.99
733,Andrew,Peters,apeterskc@state.tx.us,Male,176.248.192.220
734,Ruby,Evans,revanskd@sbwire.com,Female,158.36.59.64
735,Gary,Campbell,gcampbellke@github.com,Male,207.100.249.82
736,Teresa,Scott,tscottkf@paginegialle.it,Female,90.187.220.247
737,Ralph,West,rwestkg@mediafire.com,Male,133.35.157.38
738,Carlos,Hughes,chugheskh@fema.gov,Male,55.225.247.10
739,Harry,Butler,hbutlerki@github.io,Male,55.45.252.205
740,Mary,Williamson,mwilliamsonkj@who.int,Female,195.214.249.168
741,Ryan,Stanley,rstanleykk@myspace.com,Male,225.80.22.161
742,Joe,Roberts,jrobertskl@canalblog.com,Male,108.156.89.162
743,Sharon,King,skingkm@indiatimes.com,Female,90.253.163.188
744,Willie,Thomas,wthomaskn@wikipedia.org,Male,121.252.28.47
745,Paula,Kelly,pkellyko@bloglines.com,Female,200.238.53.96
746,Carl,Frazier,cfrazierkp@bandcamp.com,Male,9.27.99.153
747,Benjamin,Sullivan,bsullivankq@soundcloud.com,Male,25.83.60.49
748,Earl,Daniels,edanielskr@bloglines.com,Male,201.185.180.88
749,Virginia,Hall,vhallks@loc.gov,Female,95.181.179.13
750,Steve,Arnold,sarnoldkt@hibu.com,Male,238.97.192.210
751,Douglas,Barnes,dbarnesku@nyu.edu,Male,64.42.92.163
752,Martha,Butler,mbutlerkv@arstechnica.com,Female,146.102.108.47
753,George,Thomas,gthomaskw@flickr.com,Male,22.154.1.42
754,Judith,Burton,jburtonkx@dagondesign.com,Female,35.100.111.175
755,Pamela,Gibson,pgibsonky@chronoengine.com,Female,52.132.233.34
756,John,Knight,jknightkz@mit.edu,Male,40.195.127.223
757,Kathy,Walker,kwalkerl0@delicious.com,Female,31.244.140.41
758,Anna,Moreno,amorenol1@jalbum.net,Female,144.53.221.84
759,Paul,Torres,ptorresl2@rambler.ru,Male,132.109.171.117
760,Craig,Morgan,cmorganl3@bandcamp.com,Male,162.221.11.229
761,Martha,Pierce,mpiercel4@amazon.co.jp,Female,160.170.67.127
762,Robin,Garrett,rgarrettl5@twitter.com,Female,151.194.68.71
763,Lawrence,Collins,lcollinsl6@people.com.cn,Male,204.187.157.113
764,Carlos,Reid,creidl7@earthlink.net,Male,220.13.40.88
765,Susan,Cunningham,scunninghaml8@netscape.com,Female,23.30.150.120
766,Robin,Walker,rwalkerl9@ucsd.edu,Female,134.47.77.75
767,Jean,Daniels,jdanielsla@ameblo.jp,Female,27.70.199.246
768,Sharon,Turner,sturnerlb@census.gov,Female,98.221.68.104
769,Sandra,Ward,swardlc@google.fr,Female,169.107.72.181
770,Jennifer,Lee,jleeld@bluehost.com,Female,19.79.104.59
771,Judy,Little,jlittlele@newyorker.com,Female,181.68.9.95
772,Theresa,Wood,twoodlf@parallels.com,Female,28.24.175.187
773,Kathleen,Boyd,kboydlg@spotify.com,Female,201.219.133.134
774,Martha,Stevens,mstevenslh@weibo.com,Female,22.155.194.123
775,Cynthia,Wright,cwrightli@arstechnica.com,Female,8.135.241.102
776,Martha,Oliver,moliverlj@4shared.com,Female,131.228.243.249
777,Denise,Johnston,djohnstonlk@aboutads.info,Female,205.202.127.34
778,Phyllis,Kennedy,pkennedyll@fotki.com,Female,64.170.74.214
779,Ernest,Chavez,echavezlm@feedburner.com,Male,13.183.124.86
780,Joyce,Sullivan,jsullivanln@ezinearticles.com,Female,85.49.210.118
781,Eugene,Schmidt,eschmidtlo@wordpress.org,Male,64.235.160.1
782,Donald,Rogers,drogerslp@yellowbook.com,Male,141.69.235.232
783,Jane,West,jwestlq@webmd.com,Female,48.218.9.154
784,Shawn,Dunn,sdunnlr@springer.com,Male,4.114.220.78
785,Gary,Andrews,gandrewsls@artisteer.com,Male,205.255.239.230
786,Gary,Mcdonald,gmcdonaldlt@woothemes.com,Male,136.77.86.20
787,Christine,Moore,cmoorelu@ucla.edu,Female,145.138.23.66
788,Jimmy,Scott,jscottlv@webeden.co.uk,Male,246.148.26.74
789,Laura,Rogers,lrogerslw@kickstarter.com,Female,154.5.178.112
790,Beverly,Warren,bwarrenlx@1688.com,Female,66.86.134.245
791,Evelyn,Thomas,ethomasly@people.com.cn,Female,73.203.90.150
792,James,Fernandez,jfernandezlz@redcross.org,Male,65.5.56.69
793,Martha,Baker,mbakerm0@biglobe.ne.jp,Female,168.165.7.40
794,Amy,Pierce,apiercem1@blogspot.com,Female,120.180.66.149
795,Teresa,Marshall,tmarshallm2@ca.gov,Female,155.105.217.236
796,Joseph,Kennedy,jkennedym3@upenn.edu,Male,55.21.156.11
797,Steve,Lawson,slawsonm4@ca.gov,Male,199.130.190.48
798,Aaron,Rivera,ariveram5@narod.ru,Male,16.54.128.75
799,Jose,Burton,jburtonm6@weather.com,Male,17.200.93.36
800,Joyce,Davis,jdavism7@apache.org,Female,170.57.69.59
801,Nicholas,Nguyen,nnguyenm8@zimbio.com,Male,103.227.160.17
802,Benjamin,Anderson,bandersonm9@dedecms.com,Male,79.220.32.239
803,Carlos,Stephens,cstephensma@lycos.com,Male,212.77.45.230
804,Joshua,Ward,jwardmb@tiny.cc,Male,213.107.97.14
805,Roy,Ramirez,rramirezmc@ycombinator.com,Male,143.193.99.61
806,Rachel,Lewis,rlewismd@shinystat.com,Female,67.76.244.215
807,Julie,Lawson,jlawsonme@imdb.com,Female,250.184.203.92
808,James,Morris,jmorrismf@cbc.ca,Male,220.41.19.223
809,Samuel,Gardner,sgardnermg@tinyurl.com,Male,188.241.58.153
810,Samuel,Brown,sbrownmh@devhub.com,Male,98.4.41.54
811,Carl,Wheeler,cwheelermi@tumblr.com,Male,241.189.220.106
812,Juan,Hayes,jhayesmj@ted.com,Male,175.34.235.92
813,Steve,Warren,swarrenmk@google.com.hk,Male,46.131.79.5
814,Howard,Dean,hdeanml@delicious.com,Male,37.210.236.149
815,Roger,Gonzalez,rgonzalezmm@engadget.com,Male,4.123.167.81
816,Jean,Walker,jwalkermn@imdb.com,Female,194.0.98.97
817,Jeremy,Berry,jberrymo@mit.edu,Male,194.86.86.36
818,Jeremy,Foster,jfostermp@thetimes.co.uk,Male,40.216.177.218
819,Christine,Patterson,cpattersonmq@prnewswire.com,Female,40.22.214.70
820,Charles,Adams,cadamsmr@webnode.com,Male,29.27.159.193
821,Helen,Wood,hwoodms@wiley.com,Female,59.1.99.242
822,Paula,Owens,powensmt@nature.com,Female,234.12.80.252
823,Carol,Harvey,charveymu@rambler.ru,Female,169.27.24.32
824,Judy,Walker,jwalkermv@surveymonkey.com,Female,244.155.167.91
825,Peter,Greene,pgreenemw@oracle.com,Male,31.87.190.179
826,Joyce,Chavez,jchavezmx@netscape.com,Female,110.135.61.235
827,Lori,Nichols,lnicholsmy@free.fr,Female,139.192.228.5
828,Julia,Shaw,jshawmz@sakura.ne.jp,Female,100.154.23.113
829,Michael,Webb,mwebbn0@redcross.org,Male,19.207.31.40
830,Kathy,Shaw,kshawn1@buzzfeed.com,Female,234.203.8.110
831,Roy,Ferguson,rfergusonn2@berkeley.edu,Male,92.223.209.43
832,Julie,Cook,jcookn3@technorati.com,Female,191.127.70.49
833,Melissa,Harris,mharrisn4@bing.com,Female,40.49.237.144
834,Andrea,Taylor,ataylorn5@discuz.net,Female,41.108.196.160
835,Stephanie,Davis,sdavisn6@prnewswire.com,Female,181.48.159.250
836,Kenneth,Lynch,klynchn7@prlog.org,Male,188.115.135.152
837,Anthony,Crawford,acrawfordn8@tinyurl.com,Male,65.133.50.106
838,Scott,Larson,slarsonn9@123-reg.co.uk,Male,152.31.175.233
839,Lois,Palmer,lpalmerna@geocities.com,Female,211.61.4.249
840,Wayne,Fox,wfoxnb@chron.com,Male,199.219.96.4
841,Timothy,Myers,tmyersnc@sitemeter.com,Male,254.163.13.197
842,Lori,Rice,lricend@home.pl,Female,141.15.86.165
843,Samuel,Schmidt,sschmidtne@huffingtonpost.com,Male,4.55.236.63
844,Adam,Wright,awrightnf@intel.com,Male,251.216.2.255
845,Sharon,Medina,smedinang@com.com,Female,161.115.111.24
846,Kevin,Jones,kjonesnh@histats.com,Male,163.205.131.75
847,Gloria,Berry,gberryni@smh.com.au,Female,247.189.219.105
848,Christina,Patterson,cpattersonnj@creativecommons.org,Female,143.150.206.174
849,Arthur,Harrison,aharrisonnk@hp.com,Male,233.162.27.71
850,Jessica,Porter,jporternl@ocn.ne.jp,Female,103.74.199.32
851,Henry,Wheeler,hwheelernm@mayoclinic.com,Male,127.203.186.52
852,Brenda,Morales,bmoralesnn@moonfruit.com,Female,205.243.215.25
853,Kevin,Robertson,krobertsonno@google.cn,Male,0.79.246.51
854,Maria,Gutierrez,mgutierreznp@marketwatch.com,Female,167.46.187.108
855,Joshua,Washington,jwashingtonnq@salon.com,Male,247.179.250.251
856,Larry,Ferguson,lfergusonnr@tuttocitta.it,Male,5.226.115.207
857,Patricia,Murray,pmurrayns@blogspot.com,Female,249.137.127.107
858,Dennis,Burke,dburkent@dedecms.com,Male,248.86.247.36
859,Kathryn,Williams,kwilliamsnu@istockphoto.com,Female,51.119.126.62
860,Virginia,Hawkins,vhawkinsnv@sphinn.com,Female,146.88.248.102
861,George,Garrett,ggarrettnw@admin.ch,Male,114.245.39.212
862,Steve,Kelly,skellynx@myspace.com,Male,33.204.2.85
863,Johnny,Ray,jrayny@nifty.com,Male,229.220.224.188
864,Jerry,Bryant,jbryantnz@netvibes.com,Male,122.46.225.60
865,Carl,Simmons,csimmonso0@51.la,Male,194.12.149.140
866,Patricia,King,pkingo1@economist.com,Female,173.181.15.85
867,Jacqueline,Ryan,jryano2@cargocollective.com,Female,214.103.242.234
868,Robert,Daniels,rdanielso3@apache.org,Male,60.173.31.222
869,Deborah,Ramos,dramoso4@bloglovin.com,Female,151.255.196.154
870,Todd,Sanchez,tsanchezo5@shareasale.com,Male,118.238.246.163
871,William,James,wjameso6@google.cn,Male,98.27.150.254
872,Aaron,Garrett,agarretto7@yelp.com,Male,242.141.45.223
873,Nancy,Andrews,nandrewso8@cbc.ca,Female,44.219.134.20
874,Judy,Hill,jhillo9@canalblog.com,Female,31.18.177.228
875,Catherine,Owens,cowensoa@fastcompany.com,Female,7.178.114.150
876,Amanda,Porter,aporterob@free.fr,Female,170.74.134.184
877,Timothy,Anderson,tandersonoc@amazonaws.com,Male,250.32.57.35
878,Aaron,Bell,abellod@sohu.com,Male,130.191.183.84
879,Karen,Ray,krayoe@google.ru,Female,62.236.181.116
880,Elizabeth,Foster,efosterof@google.de,Female,211.118.148.61
881,Linda,Knight,lknightog@cyberchimps.com,Female,146.7.38.102
882,Betty,West,bwestoh@youku.com,Female,156.59.199.88
883,Charles,Gomez,cgomezoi@twitpic.com,Male,157.87.168.254
884,Kenneth,Cole,kcoleoj@aol.com,Male,234.223.111.116
885,Peter,Jenkins,pjenkinsok@tuttocitta.it,Male,16.79.135.233
886,Johnny,Evans,jevansol@cbsnews.com,Male,192.204.47.228
887,Nicholas,Simpson,nsimpsonom@google.ru,Male,113.22.39.200
888,John,Garrett,jgarretton@vimeo.com,Male,249.111.187.54
889,Shirley,Henderson,shendersonoo@fastcompany.com,Female,131.4.126.17
890,Jean,Armstrong,jarmstrongop@a8.net,Female,113.80.47.164
891,Russell,Evans,revansoq@google.ca,Male,165.179.107.157
892,Betty,Morgan,bmorganor@arizona.edu,Female,36.141.213.132
893,Shawn,Wagner,swagneros@chicagotribune.com,Male,153.11.224.205
894,Jane,Price,jpriceot@washingtonpost.com,Female,100.225.199.91
895,Wanda,Fuller,wfullerou@java.com,Female,36.98.42.102
896,Kelly,Mills,kmillsov@amazon.co.uk,Female,54.132.144.139
897,Kathy,Ward,kwardow@linkedin.com,Female,158.19.149.204
898,Gary,Lee,gleeox@hhs.gov,Male,163.68.96.241
899,Louise,Hughes,lhughesoy@mozilla.org,Female,154.92.5.213
900,Katherine,Moore,kmooreoz@goodreads.com,Female,204.174.200.69
901,Cheryl,Matthews,cmatthewsp0@163.com,Female,231.87.163.148
902,Jonathan,Jacobs,jjacobsp1@hud.gov,Male,243.58.75.77
903,Amy,Ray,arayp2@google.co.jp,Female,189.8.64.247
904,Kelly,Garza,kgarzap3@bigcartel.com,Female,179.103.184.196
905,Russell,Palmer,rpalmerp4@nba.com,Male,204.13.163.92
906,Rebecca,Burns,rburnsp5@yolasite.com,Female,203.224.149.195
907,Debra,Mills,dmillsp6@imgur.com,Female,115.144.204.200
908,Russell,Jacobs,rjacobsp7@ucoz.com,Male,44.123.103.48
909,Charles,Alexander,calexanderp8@gov.uk,Male,144.158.176.245
910,Michael,Phillips,mphillipsp9@ucoz.com,Male,92.81.9.97
911,Wayne,Frazier,wfrazierpa@about.com,Male,169.32.49.191
912,Robin,Howard,rhowardpb@cbsnews.com,Female,204.33.187.152
913,Alice,Fuller,afullerpc@theglobeandmail.com,Female,153.198.210.219
914,Carol,Bishop,cbishoppd@nature.com,Female,35.157.175.148
915,Katherine,Stone,kstonepe@arizona.edu,Female,123.16.203.155
916,Peter,Robinson,probinsonpf@cpanel.net,Male,36.137.206.56
917,Joan,Porter,jporterpg@toplist.cz,Female,188.161.224.35
918,Harry,Cooper,hcooperph@sun.com,Male,223.185.158.244
919,Emily,Montgomery,emontgomerypi@nps.gov,Female,208.233.57.242
920,Mildred,Mendoza,mmendozapj@istockphoto.com,Female,175.205.201.197
921,John,Richardson,jrichardsonpk@latimes.com,Male,148.123.108.43
922,Heather,Hudson,hhudsonpl@sciencedirect.com,Female,119.24.68.84
923,Joseph,Freeman,jfreemanpm@telegraph.co.uk,Male,226.95.106.107
924,Albert,Schmidt,aschmidtpn@gizmodo.com,Male,248.148.54.108
925,Kathleen,Foster,kfosterpo@admin.ch,Female,201.131.89.34
926,Harold,Gardner,hgardnerpp@answers.com,Male,251.169.75.66
927,Michelle,Wagner,mwagnerpq@dell.com,Female,39.132.78.42
928,Bobby,Morales,bmoralespr@admin.ch,Male,46.45.178.249
929,Billy,Franklin,bfranklinps@irs.gov,Male,161.73.202.235
930,Andrea,Gardner,agardnerpt@topsy.com,Female,209.50.92.169
931,Jeffrey,Harrison,jharrisonpu@scribd.com,Male,178.189.8.106
932,George,Morales,gmoralespv@technorati.com,Male,95.175.88.105
933,James,Webb,jwebbpw@vkontakte.ru,Male,56.181.134.26
934,Carol,Daniels,cdanielspx@icq.com,Female,52.123.114.45
935,Eric,Morris,emorrispy@technorati.com,Male,164.18.140.47
936,William,Lewis,wlewispz@nba.com,Male,226.51.67.189
937,Donald,Rodriguez,drodriguezq0@economist.com,Male,121.207.83.160
938,Rose,Hicks,rhicksq1@cdbaby.com,Female,80.55.152.79
939,Harry,Gardner,hgardnerq2@statcounter.com,Male,57.172.162.68
940,Sara,Richards,srichardsq3@sbwire.com,Female,185.130.94.233
941,Jason,Fernandez,jfernandezq4@dion.ne.jp,Male,189.36.97.19
942,Pamela,Sullivan,psullivanq5@seesaa.net,Female,101.4.50.27
943,Sara,Bailey,sbaileyq6@cmu.edu,Female,1.125.59.16
944,Gary,Fernandez,gfernandezq7@usatoday.com,Male,224.255.11.208
945,Wanda,Hill,whillq8@sphinn.com,Female,210.69.80.73
946,Jonathan,Webb,jwebbq9@google.cn,Male,69.16.71.170
947,Timothy,Ortiz,tortizqa@woothemes.com,Male,246.78.12.249
948,Thomas,Elliott,telliottqb@bbb.org,Male,81.187.6.243
949,Joseph,Nelson,jnelsonqc@bigcartel.com,Male,146.228.146.235
950,Julia,Campbell,jcampbellqd@quantcast.com,Female,68.244.17.170
951,Heather,Sims,hsimsqe@cbsnews.com,Female,240.150.182.242
952,Richard,Brown,rbrownqf@issuu.com,Male,33.194.62.202
953,Paul,Gibson,pgibsonqg@miitbeian.gov.cn,Male,16.17.101.249
954,Michael,Baker,mbakerqh@hhs.gov,Male,250.182.7.120
955,Ann,Roberts,arobertsqi@amazon.co.jp,Female,91.229.214.95
956,Chris,Reynolds,creynoldsqj@narod.ru,Male,230.9.115.131
957,Martha,Ortiz,mortizqk@freewebs.com,Female,31.164.228.233
958,Mary,Daniels,mdanielsql@admin.ch,Female,199.1.177.7
959,Phyllis,Wells,pwellsqm@merriam-webster.com,Female,179.218.3.173
960,Harold,Crawford,hcrawfordqn@cafepress.com,Male,171.54.152.17
961,Joe,Garcia,jgarciaqo@accuweather.com,Male,173.103.47.68
962,Pamela,Willis,pwillisqp@eepurl.com,Female,248.57.13.83
963,Katherine,Watson,kwatsonqq@noaa.gov,Female,68.96.144.122
964,Nancy,Kelly,nkellyqr@bloomberg.com,Female,35.15.60.87
965,Ernest,Johnson,ejohnsonqs@princeton.edu,Male,23.228.188.181
966,Robert,Richards,rrichardsqt@google.com.au,Male,9.43.195.131
967,Betty,Fuller,bfullerqu@wisc.edu,Female,164.129.0.64
968,Larry,Hunter,lhunterqv@g.co,Male,37.12.56.127
969,Anthony,Gonzalez,agonzalezqw@creativecommons.org,Male,248.2.81.162
970,Jose,Simpson,jsimpsonqx@nymag.com,Male,182.115.30.70
971,George,Morris,gmorrisqy@prweb.com,Male,148.163.16.248
972,Julie,Berry,jberryqz@webnode.com,Female,16.239.160.163
973,Julia,George,jgeorger0@fotki.com,Female,153.213.178.8
974,Harold,Collins,hcollinsr1@cnn.com,Male,189.61.157.204
975,Alan,Cook,acookr2@si.edu,Male,78.247.58.200
976,Robert,Gordon,rgordonr3@amazon.co.uk,Male,25.205.89.159
977,Joan,Taylor,jtaylorr4@un.org,Female,115.76.106.91
978,Joshua,Harper,jharperr5@chicagotribune.com,Male,59.179.65.44
979,Eric,Larson,elarsonr6@dailymail.co.uk,Male,146.129.147.58
980,Catherine,Franklin,cfranklinr7@businessweek.com,Female,248.104.55.202
981,Lori,Olson,lolsonr8@mayoclinic.com,Female,52.37.35.169
982,Jean,Kelley,jkelleyr9@deviantart.com,Female,205.111.91.66
983,Eugene,Allen,eallenra@wordpress.com,Male,39.134.246.231
984,Dennis,Fisher,dfisherrb@thetimes.co.uk,Male,241.179.225.25
985,Scott,Hayes,shayesrc@jugem.jp,Male,27.1.230.133
986,Richard,Vasquez,rvasquezrd@netvibes.com,Male,73.248.131.196
987,Timothy,Duncan,tduncanre@businesswire.com,Male,40.174.12.1
988,Gregory,Lane,glanerf@mayoclinic.com,Male,4.164.78.35
989,Phillip,Fields,pfieldsrg@sbwire.com,Male,97.1.255.149
990,Brian,Wallace,bwallacerh@state.gov,Male,20.57.152.241
991,Ryan,Burns,rburnsri@wsj.com,Male,30.222.57.251
992,Lois,Garza,lgarzarj@fastcompany.com,Female,198.43.194.146
993,Susan,Robertson,srobertsonrk@hc360.com,Female,211.177.95.132
994,Cheryl,Cruz,ccruzrl@com.com,Female,105.99.217.27
995,Theresa,Stewart,tstewartrm@abc.net.au,Female,133.152.130.12
996,Samuel,Ramirez,sramirezrn@google.com.hk,Male,86.99.193.37
997,Helen,Stone,hstonero@istockphoto.com,Female,249.58.215.213
998,Michelle,Foster,mfosterrp@jimdo.com,Female,32.161.165.211
999,Michael,Thomas,mthomasrq@nps.gov,Male,81.94.125.85
1000,Dorothy,Hanson,dhansonrr@intel.com,Female,145.190.80.109
